CODIGO_INEP,NOME_ESCOLA,GRE,MUNICIPIO,MODELO,1º ANO,2º ANO,3º ANO,4º ANO,5º ANO,6º ANO,7º ANO,8º ANO,9º ANO,1ª SÉRIE,2ª SÉRIE,3ª SÉRIE,ANOS INICIAIS,ANOS FINAIS,ENSINO MÉDIO,TOTAL
25000047,ECI NOSSA SENHORA DA CONCEIÇÃO,08ª GRE,BELÉM DO BREJO DO CRUZ,ECI,,,,,,,,,,31,37,32,,,X,100
25000349,ECIT Padre Aristides,08ª GRE,Bom Sucesso,ECIT,,,,,,,,,,47,46,39,,,X,132
25000640,ECIT Prof José Olímpio Maia,08ª GRE,Brejo Do Cruz,ECIT,,,,,,,,,,43,40,49,,,X,132
25000659,EEEFM ANTONIO GOMES,08ª GRE,BREJO DO CRUZ,ECI,,,,,,,,,,64,79,72,,,X,215
25001477,ECI EEFM PROFESSORA DIVA GUEDES DE ARAUJO,08ª GRE,BREJO DOS SANTOS,ECI,,,,,,,,,,36,55,32,,,X,123
25001833,Eci Obdulia Dantas,08ª GRE,Catolé Do Rocha,ECIT,,,,,,,,,,130,113,111,,,X,354
25001906,ESCOLA CIDADÃ INTEGRAL JOÃO SUASSUNA,08ª GRE,CATOLÉ DO ROCHA,ECI,,,,,,,,,,99,115,28,,,X,242
25002422,ECI EEFM FRANCISCO MAIA,08ª GRE,JERICÓ,ECI,,,,,,,,,,44,49,33,,,X,126
25002457,ECIEEM JOSÉ SERAFIM DE LIMA,08ª GRE,MATO GROSSO,ECI,,,,,,,,,,20,15,19,,,X,54
25003054,EEEFM FREI BRUNO,08ª GRE,LAGOA,ECI,,,,,,,,,,11,13,52,,,X,76
25004883,ECIT Coronel Jacob Guilherme Frantz,09ª GRE,São João Do Rio Do Peixe,ECIT,,,,,,,,,,82,58,43,,,X,183
25004999,EEEF DE BANDARRA,09ª GRE,SÃO JOÃO DO RIO DO PEIXE,ECI,,,,,,,,,,13,11,12,,,X,36
25005995,ECI EEFM Professora Francisca Fonseca Matias,09ª GRE,Poço De José De Moura,ECIT,,,,,,,,,,50,47,34,,,X,131
25006029,EEEFM PROF JOAQUIM UMBELINO,09ª GRE,BOM JESUS,ECI,,,,,,,,,,52,44,26,,,X,122
25006223,Ecit Monsenhor Morais,09ª GRE,Bonito De Santa Fé,ECIT,,,,,,,,,,66,49,53,,,X,168
25006231,EEEF JOAQUIM NABUCO,09ª GRE,BONITO DE SANTA FÉ,ECI,,,,,,,,,27,72,85,65,,X,X,249
25007092,Eci EEFM Professor Adalberto de Sousa Oliveira,09ª GRE,Cachoeira Dos Índios,ECIT,,,,,,,,,,73,75,55,,,X,203
25007726,Eci Professor Crispim Coelho,09ª GRE,Cajazeiras,ECIT,,,,,,,,,49,45,24,15,,X,X,133
25007785,ECIT Cristiano Cartaxo,09ª GRE,Cajazeiras,ECIT,,,,,,,,,,139,112,74,,,X,325
25009192,ECI EEM JOEL PEREIRA DA SILVA,09ª GRE,CARRAPATEIRA,ECI,,,,,,,,,,26,29,29,,,X,84
25009559,ECIEEFM BONIFÁCIO SARAIVA DE MOURA,09ª GRE,MONTE HOREBE,ECI,,,,,,,,,,58,50,35,,,X,143
25009931,ECI ELAINE SOARES BRASILEIRO,09ª GRE,SANTA HELENA,ECI,,,,,,,,,,28,43,22,,,X,93
25010565,Ecit Prefeito Joaquim Lacerda Leite,09ª GRE,São José De Piranhas,ECIT,,,,,,,,,,56,76,54,,,X,186
25012193,EEEFM NELSON BATISTA ALVES,09ª GRE,BERNARDINO BATISTA,ECI,,,,,,,,,,61,59,27,,,X,147
25012207,Eci EEM Bernardino Jose Batista,09ª GRE,Triunfo,ECIT,,,,,,,,,,76,54,42,,,X,172
25012916,Ecit Doutor Jose Duarte Filho,09ª GRE,Uiraúna,ECIT,,,,,,,,,,96,79,80,,,X,255
25012932,ESCOLA ESTADUAL CIDADÃ INTEGRAL SÃO JOSÉ OPERÁRIO,09ª GRE,JOCA CLAUDINO,ECI,,,,,,,,,,48,30,23,,,X,101
25012940,ECI EEM JOSE NILSON SANTIAGO,09ª GRE,POÇO DANTAS,ECI,,,,,,,,,,61,36,44,,,X,141
25013840,ECIT Doutor Trajano Pires da Nóbrega,13ª GRE,Condado,ECIT,,,,,,,,,,75,68,49,,,X,192
25014226,ESCOLA CIDADÃ INTEGRAL ESTADUAL DE ENSINO MÉDIO MANOEL MEDEIROS DE ARAÚJO,13ª GRE,VISTA SERRANA,ECI,,,,,,,,,,58,49,41,,,X,148
25014412,ECI EEM NESTORINA ABRANTES,10ª GRE,LASTRO,ECI,,,,,,,,,,53,66,47,,,X,166
25014692,Ecit Doutor Antonio Fernandes Medeiros,06ª GRE,Malta,ECIT,,,,,,,,,,55,52,41,,,X,148
25014951,ECIEEM FRANCISCO AUGUSTO CAMPOS,10ª GRE,NAZAREZINHO,ECI,,,,,,,,,,83,77,67,,,X,227
25015320,ECIT EST FRANCISCO DE SÁ CAVALCANTE,13ª GRE,Paulista,ECIT,,,,,,,,,,21,50,25,,,X,96
25015869,ECITEEFM Monsenhor Vicente Freitas,13ª GRE,Pombal,ECIT,,,,,,,,,,74,45,38,,,X,157
25015885,EEEFM JOÃO DA MATA,13ª GRE,POMBAL,ECI,,,,,,,,,,25,26,20,,,X,71
25016032,EEEF AMELIA MARIA DA LUZ,13ª GRE,POMBAL,ECI Quilombola,,,,,,,,,22,17,5,11,,X,X,55
25016059,EEEFM MARIA SOLEDADE ASSIS FREITAS,13ª GRE,CAJAZEIRINHAS,ECI,,,,,,,,,,38,25,23,,,X,86
25016105,ECI DEPUTADO LEVI OLÍMPIO FERREIRA,13ª GRE,SÃO BENTINHO,ECI,,,,,,,,,,24,40,38,,,X,102
25016164,Ecit Cicero Severo Lopes,13ª GRE,São Domingos,ECIT,,,,,,,,,,34,19,21,,,X,74
25017080,ECIT EEFM Valdemiro Wanderley de Oliveira,10ª GRE,Santa Cruz,ECIT,,,,,,,,,,51,63,50,,,X,164
25017438,ECI EEEFM ANTONIO GREGORIO DE LACERDA,10ª GRE,SÃO JOSÉ DA LAGOA TAPADA,ECI,,,,,,,,,,89,75,68,,,X,232
25018094,ECI EEFM Dr Jose Gadelha,10ª GRE,Aparecida,ECIT,,,,,,,,,,68,76,63,,,X,207
25018124,EEEF BATISTA LEITE,10ª GRE,SOUSA,ECI,,,,,,23,51,46,78,44,46,,,X,X,288
25018280,ECIT Mestre Julio Sarmento,10ª GRE,Sousa,ECIT,,,,,,,,,,116,122,139,,,X,377
25019228,EEEFM ANTONIO TEODORO NETO,10ª GRE,SOUSA,ECI,,,,,,,,,15,34,53,41,,X,X,143
25019538,ECIT Estadual Doutor Silva Mariz,10ª GRE,Marizópolis,ECIT,,,,,,,,,,63,55,58,,,X,176
25019597,ECIEEM DORGIVAL SILVEIRA,10ª GRE,SÃO FRANCISCO,ECI,,,,,,,,,,62,36,52,,,X,150
25019740,ECI EST EM MARIA MOREIRA PINTO,10ª GRE,VIEIRÓPOLIS,ECI,,,,,,,,,,54,62,60,,,X,176
25020102,EEEFM FRANCISCO ROMANO DA SILVEIRA,06ª GRE,MÃE D'ÁGUA,ECI,,,,,,,,,,49,32,32,,,X,113
25020854,Eci Doutor Dionísio da Costa,06ª GRE,Patos,ECIT,,,,,,,,,,87,93,57,,,X,237
25020927,ECI AUZENIR LACERDA,06ª GRE,PATOS,ECI,,,,,,,,,,119,121,68,,,X,308
25020935,ECI ESTADUAL DE ENSINO FUNDAMENTAL E MÉDIO MONSENHOR MANOEL VIEIRA,06ª GRE,PATOS,ECI,,,,,,,,,,268,223,167,,,X,658
25022296,EEEFM PROFESSOR JOAO NOBERTO,06ª GRE,SANTA TERESINHA,ECI,,,,,,,,,,49,52,42,,,X,143
25022652,EEEFM Jose Americo de Almeida,06ª GRE,São José De Espinharas,ECIT,,,,,,,,,,27,36,36,,,X,99
25023187,ECI EEM MARIA DE LOURDES MEIRA,06ª GRE,SÃO JOSÉ DO BONFIM,ECI,,,,,,,,,,33,37,23,,,X,93
25023489,ECI EEM AGENOR MENDES PEDROSA,07ª GRE,AGUIAR,ECI,,,,,,,,,23,66,50,53,,X,X,192
25023896,Eci Joselita Brasileiro,07ª GRE,Igaracy,ECIT,,,,,,,21,20,26,72,51,49,,X,X,239
25024175,Ecit Inacio da Catingueira,06ª GRE,Catingueira,ECIT,,,,,,,,,,45,41,42,,,X,128
25024558,Ecit Nobel Vita,07ª GRE,Coremas,ECIT,,,,,,,,,,124,145,110,,,X,379
25025368,ECIT de Ensino Fundamental e Médio Profª Margarida Remigio Loureiro,06ª GRE,Emas,ECIT,,,,,,,,,,45,38,45,,,X,128
25025635,ECIT Joao Leite Neto,07ª GRE,Nova Olinda,ECIT,,,,,,,,,31,76,68,42,,X,X,217
25025830,Eci EEM Antônio Avelino de Almeida,07ª GRE,Olho D'Água,ECIT,,,,,,,,,,81,73,52,,,X,206
25027026,ESCOLA CIDADÃ INTEGRAL E TECNICA ESTADUAL SANTO ANTONIO,07ª GRE,Piancó,ECIT,,,,,,,,,,122,116,87,,,X,325
25027190,ECI EEM DOUTOR FELIZARDO LEITE,07ª GRE,SANTANA DOS GARROTES,ECI,,,,,,,,,,55,54,43,,,X,152
25027573,ECI EEM JOÃO CAVALCANTE SULA,07ª GRE,BOA VENTURA,ECI,,,,,,,,,,50,54,49,,,X,153
25027930,Ecite Maestro Jose Siqueira,07ª GRE,Conceição,ECIT,,,,,,,,,,142,73,99,,,X,314
25028065,EEEF JOSÉ HEITOR SOUZA MANGUEIRA,07ª GRE,CONCEIÇÃO,ECI,,,,,,,,,,97,139,75,,,X,311
25028103,ESCOLA CIDADÃ INTEGRAL ESTADUAL DE ENSINO FUNDAMENTAL E MÉDIO ENÉAS LEITE,07ª GRE,SANTA INÊS,ECI,,,,,,,,,,28,37,31,,,X,96
25029576,ECIEEM CORONEL ZUZA LACERDA,07ª GRE,CURRAL VELHO,ECI,,,,,,,,,,23,18,19,,,X,60
25029789,Ecit Professora Adilina de Souza Diniz,07ª GRE,Diamante,ECIT,,,,,,,,,,75,54,59,,,X,188
25030116,ECIEEM PADRE MANOEL OTAVIANO,07ª GRE,IBIARA,ECI,,,,,,,,,,76,66,42,,,X,184
25031155,ECI FRANCELINO DE ALENCAR NEVES,07ª GRE,ITAPORANGA,ECI,,,,,,27,33,52,60,,,,,X,,172
25031481,ECI EEM JOÃO DE SOUSA PRIMO,07ª GRE,PEDRA BRANCA,ECI,,,,,,,,,,30,56,31,,,X,117
25031783,ECIT EEFM PRESIDENTE KENNEDY,07ª GRE,SANTANA DE MANGUEIRA,ECI,,,,,,,,,,29,40,27,,,X,96
25032518,EEEFM OTAVIANO L DA SILVA,07ª GRE,SÃO JOSÉ DE CAIANA,ECI,,,,,,,,,,58,59,40,,,X,157
25032968,EEEFM PROF JOSEFA JUSTINO GOMES,07ª GRE,SERRA GRANDE,ECI,,,,,,,,,,39,55,34,,,X,128
25033204,ECI EEM JOSE NOMINANDO,11ª GRE,ÁGUA BRANCA,ECI,,,,,,,,,,131,110,80,,,X,321
25033786,Eci Gertrudes Leite,06ª GRE,Desterro,ECIT,,,,,,,,,,167,137,94,,,X,398
25033794,ECIT ESTADUAL PEDRO TERTO DA CUNHA,06ª GRE,CACIMBAS,ECI,,,,,,,,,,77,93,79,,,X,249
25034200,Ecit Maria do Socorro Ramalho Quirino,11ª GRE,Imaculada,ECIT,,,,,,,,,,78,83,72,,,X,233
25034839,ECIT Arlinda Pessoa da Silva,11ª GRE,Juru,ECIT,,,,,,,,,,62,71,48,,,X,181
25036017,ECI. EEFM. Monsenhor Sebastiao Rabelo,11ª GRE,Manaíra,ECIT,,,,,,,,,,128,116,83,,,X,327
25036297,EEEIF PROFESSORA IRACEMA MARQUES DE LIMA,11ª GRE,PRINCESA ISABEL,ECI Anos Iniciais,11,17,12,13,24,24,40,33,41,,,,X,X,,215
25036335,ECIT Nossa Senhora do Bom Conselho,11ª GRE,Princesa Isabel,ECIT,,,,,,,,,43,164,120,85,,X,X,412
25037137,EEEFM DEP NOMINANDO MUNIZ DINIZ,11ª GRE,SÃO JOSÉ DE PRINCESA,ECI,,,,,,10,8,12,15,19,23,16,,X,X,103
25037226,ECI ADRIANO FEITOSA,11ª GRE,TAVARES,ECI,,,,,,,,,,116,125,102,,,X,343
25037781,E. C. I. ANTONIO MOACIR DANTAS CAVALCANTI,06ª GRE,MATURÉIA,ECI,,,,,,,,,,74,91,60,,,X,225
25037803,Ecit Sebastiao Guedes da Silva,06ª GRE,Teixeira,ECIT,,,,,,,,,,196,161,152,,,X,509
25038478,ECIT Ezequiel Fernandes,06ª GRE,Junco Do Seridó,ECIT,,,,,,,,,,68,51,48,,,X,167
25038796,EEEM FENELON NOBREGA,06ª GRE,SALGADINHO,ECI,,,,,,,,,,38,46,35,,,X,119
25039032,Ecite Padre Jeronimo Lauwen,06ª GRE,Santa Luzia,ECIT,,,,,,,,,,110,130,126,,,X,366
25039083,ECI EEF COELHO LISBOA,06ª GRE,SANTA LUZIA,ECI,,,,,,21,28,27,37,18,,,,X,X,131
25039504,EEEFM Olavo Bilac,06ª GRE,São José Do Sabugi,ECIT,,,,,,,,,,34,40,31,,,X,105
25040014,ESCOLA CIDADÃ INTEGRAL TÉCNICA ESTADUAL SERÁFICO NÓBREGA,06ª GRE,SÃO MAMEDE,ECI,,,,,,,,,,64,66,58,,,X,188
25040820,Eci Iolanda Tereza Chaves Lima,04ª GRE,Cubati,ECIT,,,,,,,,,,87,40,63,,,X,190
25041185,ECI PREFEITO AGUITÔNIO DANTAS,04ª GRE,FREI MARTINHO,ECI,,,,,,,,,,32,21,18,,,X,71
25041525,EECIT Deputado Genival Matias,06ª GRE,Juazeirinho,ECIT,,,,,,,,,,141,117,80,,,X,338
25042351,ECI ANTÔNIO COELHO DANTAS,04ª GRE,NOVA PALMEIRA,ECI,,,,,,,,,,32,59,38,,,X,129
25042661,Eci Graciliano Fontini Lordao,04ª GRE,Pedra Lavrada,ECIT,,,,,,,,,,43,36,33,,,X,112
25043277,ECIT Estadual Professor Lordão,04ª GRE,Picuí,ECIT,,,,,,,,,,78,55,67,,,X,200
25043870,EEEF MARIA FRANCINETE DE SOUZA,04ª GRE,SÃO VICENTE DO SERIDÓ,ECI,,,,,,,,,,51,35,15,,,X,101
25043897,Eci EEM Cicero dos Anjos,04ª GRE,São Vicente Do Seridó,ECIT,,,,,,,,,,85,81,70,,,X,236
25044362,Ecit Pedro Bezerra Filho,05ª GRE,Camalaú,ECIT,,,,,,,,,,74,80,79,,,X,233
25044788,ECIT Manoel Alves Campos,05ª GRE,Congo,ECIT,,,,,,,,,,41,45,34,,,X,120
25045059,EECIT João Lelys,05ª GRE,Livramento,ECIT,,,,,,,,,,109,98,63,,,X,270
25045377,ECIT José Leite de Souza,05ª GRE,Monteiro,ECIT,,,,,,,,,,192,142,160,,,X,494
25045466,"EEEM BENTO TENÓRIO DE SOUSA ""ESCOLA DO CAMPO""",05ª GRE,MONTEIRO,ECI,,,,,,,,,,22,18,18,,,X,58
25046764,ECIEEM NOSSA SRA DAS GRACAS,05ª GRE,OURO VELHO,ECI,,,,,,,,,,42,42,32,,,X,116
25046950,Ecit Francisco de Assis Gonzaga,05ª GRE,Prata,ECIT,,,,,,,,,,48,72,57,,,X,177
25047116,ECI MARIO OLIVEIRA CHAVES,05ª GRE,SÃO JOÃO DO TIGRE,ECI,,,,,,,,,,34,35,44,,,X,113
25047450,ECI BARTOLOMEU MARACAJA,05ª GRE,SÃO JOSÉ DOS CORDEIROS,ECI,,,,,,,,13,39,29,27,25,,X,X,133
25047469,ECI JAIRO AIRES CALUETE,05ª GRE,PARARI,ECI,,,,,,,,28,19,19,22,23,,X,X,111
25048350,ECI MALAQUIAS BATISTA FEITOSA,05ª GRE,SÃO SEBASTIÃO DO UMBUZEIRO,ECI,,,,,,,,,,36,33,27,,,X,96
25048368,ESCOLA CIDADÃ INTEGRAL ESTADUAL DE ENSINO MÉDIO MARIA CELESTE DO NASCIMENTO,05ª GRE,ZABELÊ,ECI,,,,,,,,,,17,19,21,,,X,57
25049372,ECI MANOEL HONORATO SOBRINHO,05ª GRE,COXIXOLA,ECI,,,,,,,,,,17,21,14,,,X,52
25049496,ECITE Jose Gonçalves de Queiroz,05ª GRE,Sumé,ECIT,,,,,,,,,,137,166,107,,,X,410
25049640,ECI AMPARO,05ª GRE,AMPARO,ECI,,,,,,,,,,34,39,35,,,X,108
25050427,EECI JOAO ROGERIO DIAS TOLEDO,06ª GRE,ASSUNÇÃO,ECI,,,,,,,,,,52,42,44,,,X,138
25050435,EECIT Melquiades Vilar,06ª GRE,Taperoá,ECIT,,,,,,,,,,55,37,42,,,X,134
25051296,EECI MELQUÍADES TEJO,15ª GRE,BARRA DE SÃO MIGUEL,ECI,,,,,,,,,,102,105,82,,,X,289
25051580,EECIT Conselheiro José Braz do Rego,15ª GRE,Boqueirão,ECIT,,,,,,,,,67,111,81,39,,X,X,298
25051598,EECIT Professora Maria Cecília de Castro,15ª GRE,Alcantil,ECIT,,,,,,,,,,39,46,42,,,X,127
25051660,ECI ANA FERREIRA DA COSTA,15ª GRE,RIACHO DE SANTO ANTÔNIO,ECI,,,,,,,,,,29,21,15,,,X,65
25052497,EECI ALMIRANTE ANTÔNIO HERÁCLITO DO RÊGO,15ª GRE,BARRA DE SANTANA,ECI,,,,,,,,,,65,47,44,,,X,156
25052802,EECI FELIX ARAUJO,15ª GRE,CATURITÉ,ECI,,,,,,,,,,55,63,63,,,X,181
25053124,EECIT Alcides Bezerra,15ª GRE,Cabaceiras,ECIT,,,,,,,,,,49,45,32,,,X,126
25053493,EECIT FRANCISCO DEODATO DO NASCIMENTO,15ª GRE,SÃO DOMINGOS DO CARIRI,ECI,,,,,,,,,,43,15,7,,,X,65
25053728,Ecit EEM Juarez Maracajá,05ª GRE,Gurjão,ECIT,,,,,,,,,,44,39,50,,,X,133
25054023,ECIT Prof. Neir Alves Porto,05ª GRE,Santo André,ECIT,,,,,,,,,,32,24,30,,,X,86
25054180,Ecit Jornalista Jose Leal Ramos,05ª GRE,São João Do Cariri,ECIT,,,,,,,,,,56,37,32,,,X,125
25054490,E.C.I CEL SERVELIANO DE FARIAS CASTRO,05ª GRE,CARAÚBAS,ECI,,,,,,,,,,45,50,32,,,X,127
25054783,EECI Monsenhor José Paulino,02ª GRE,Arara,ECIT,,,,,,,,,,69,46,57,,,X,172
25055046,Ecit Jose Luiz Neto,04ª GRE,Barra De Santa Rosa,ECIT,,,,,,,,,,122,117,82,,,X,321
25055836,ECI ORLANDO VENANCIO DOS SANTOS,04ª GRE,CUITÉ,ECI,,,,,,,,,,50,90,60,,,X,200
25056581,ECI EEFM JOSE VITORINO DE MEDEIROS,04ª GRE,SOSSÊGO,ECI,,,,,,,,,,47,46,24,,,X,117
25056620,ECI EEFM JOSÉ ROLDERICK DE OLIVEIRA,04ª GRE,Nova Floresta,ECIT,,,,,,,,,,99,54,79,,,X,232
25057146,EECIT Antonio Galdino Filho,03ª GRE,Pocinhos,ECIT,,,,,,,,,,214,183,166,,,X,563
25057820,EECIT José Bronzeado Sobrinho,03ª GRE,Remígio,ECIT,,,,,,,,,,70,87,61,,,X,218
25058304,EECIT Estadual Doutor Trajano Nobrega,03ª GRE,Soledade,ECIT,,,,,,,,,,134,100,57,,,X,291
25058975,Ecit Benjamin Maranhao,02ª GRE,Araruna,ECIT,,,,,,,,,30,75,112,61,,X,X,278
25058991,ECI EEM Pedro Ribeiro de Lima,02ª GRE,Riachão,ECIT,,,,,,,,,,50,42,36,,,X,128
25059629,Eci Humberto Lucena,02ª GRE,Cacimba De Dentro,ECIT,,,,,,,,,,88,63,67,,,X,218
25060058,ECI EEM GOVERNADOR CLOVIS BEZERRA CAVALCANTI,02ª GRE,DONA INÊS,ECI,,,,,,,,,,71,79,66,,,X,216
25060376,Ecit Alfredo Pessoa de Lima,02ª GRE,Solânea,ECIT,,,,,,,,22,34,49,33,31,,X,X,169
25060392,EEEF PE GERALDO DA S PINTO,02ª GRE,SOLÂNEA,ECI,,,,,,68,111,69,51,16,,,,X,X,315
25060996,ECI DR TERCILIO TEIXEIRA DA CRUZ,02ª GRE,TACIMA,ECI,,,,,,,,,,41,47,47,,,X,135
25061720,EECIT Monsenhor José da Silva Coutinho,03ª GRE,Esperança,ECIT,,,,,,,,,,260,94,71,,,X,425
25062069,EECI MARIA JOSÉ DE SOUZA,03ª GRE,MONTADAS,ECI,,,,,,,,,,81,73,57,,,X,211
25062220,EECI MONSENHOR JOSÉ BORGES,03ª GRE,SÃO SEBASTIÃO DE LAGOA DE ROÇA,ECI,,,,,,,,,,78,90,45,,,X,213
25062638,EEEFM PADRE HILDON BANDEIRA,03ª GRE,ALAGOA GRANDE,ECI,,,,,,,,,42,174,157,80,,X,X,453
25062816,EECIT Oswaldo Trigueiro de Albuquerque Melo,03ª GRE,Alagoa Grande,ECIT,,,,,,,,,,70,70,62,,,X,202
25063340,EECIT Monsenhor José Borges de Carvalho,03ª GRE,Alagoa Nova,ECIT,,,,,,,,,,81,71,76,,,X,228
25064134,EECIT Ministro José Américo de Almeida,02ª GRE,Areia,ECIT,,,,,,,,,23,67,53,46,,X,X,189
25064894,Ecit José Rocha Sobrinho,02ª GRE,Bananeiras,ECIT,,,,,,,,,,61,43,63,,,X,167
25065513,ECIT Efigênio Leite,02ª GRE,Borborema,ECIT,,,,,,,21,19,24,63,58,42,,X,X,227
25065726,ECI EEFM ANTONIETA CORREIA DE MENEZES,02ª GRE,PILÕES,ECI,,,,,,,,,,44,46,39,,,X,129
25066013,ECI EEFM ANTÔNIO BENTO,02ª GRE,SERRARIA,ECI,,,,,,,,,,47,34,40,,,X,121
25066374,Ecit Agenor Clemente dos Santos,02ª GRE,Alagoinha,ECIT,,,,,,,,,,176,160,113,,,X,449
25066676,Eci Francisco Pessoa de Brito,02ª GRE,Araçagi,ECIT,,,,,,,,,,71,54,54,,,X,179
25067133,ECIT Engenheira Marcia Guedes Alcoforado de Carvalho,02ª GRE,Belém,ECIT,,,,,,,,,32,61,56,42,,X,X,191
25067460,Eci EEM Professora Maria Gertrudes de Carvalho Neves,02ª GRE,Caiçara,ECIT,,,,,,,,,,70,91,64,,,X,225
25067737,ECI PREF JOSE ANTONIO NEVES,02ª GRE,LOGRADOURO,ECI,,,,,,,,,,26,23,23,,,X,72
25067869,ECI EEFM ODILON NELSON DANTAS,02ª GRE,CUITEGI,ECI,,,,,,,,,,54,58,48,,,X,160
25068075,ECI SAGRADO CORACAO DE JESUS,02ª GRE,DUAS ESTRADAS,ECI,,,,,,,,,,42,35,21,,,X,98
25068342,ECI EEFM João de Freitas Mouzinho,02ª GRE,Sertãozinho,ECIT,,,,,,,,,,71,73,60,,,X,204
25068628,ECIT Monsenhor Emiliano de Cristo,02ª GRE,Guarabira,ECIT,,,,,,,,,,67,45,17,,,X,129
25068636,ECI JOSÉ SOARES DE CARVALHO,02ª GRE,GUARABIRA,ECI,,,,,,,,19,46,127,131,93,,X,X,416
25069357,EEEFM IVAN BICHARA SOBREIRA,02ª GRE,LAGOA DE DENTRO,ECI,,,,,,,,,,21,16,19,,,X,56
25069675,ECIT EEFM Major Antonio de Aquino,02ª GRE,Mulungu,ECIT,,,,,,,,,,83,69,72,,,X,224
25070088,ECI SILVIO PORTO,02ª GRE,PILÕEZINHOS,ECI,,,,,,,,,,53,53,31,,,X,137
25070312,Eci Augusto de Almeida,02ª GRE,Pirpirituba,ECIT,,,,,,,,12,,16,18,11,,X,X,57
25070576,ECI Maria Jose Miranda Burity,02ª GRE,Serra Da Raiz,ECIT,,,,,,,,,,71,57,49,,,X,177
25071939,EECI AUDIOCOMUNICAÇÃO DE CAMPINA GRANDE DEMÓSTENES CUNHA LIMA,03ª GRE,CAMPINA GRANDE,ECI,1,6,6,3,2,5,2,4,4,8,8,7,X,X,X,56
25072005,EEEFM ADEMAR VELOSO SILVEIRA,03ª GRE,CAMPINA GRANDE,ECI,,,,,,22,24,31,26,75,75,40,,X,X,293
25072013,EECIT Professor Raul Córdula,03ª GRE,Campina Grande,ECIT,,,,,,,32,25,25,150,75,48,,X,X,355
25072030,EECIT Nenzinha Cunha Lima,03ª GRE,Campina Grande,ECIT,,,,,,43,48,56,55,60,40,36,,X,X,338
25072099,EECI ASSIS CHATEAUBRIAND,03ª GRE,CAMPINA GRANDE,ECI,,,,,,55,38,56,49,53,43,29,,X,X,323
25072102,EECI Deputado Álvaro Gaudencio de Queiroz,03ª GRE,Campina Grande,ECIT,,,,,,,,,,125,109,91,,,X,325
25072110,EECI Félix Araújo,03ª GRE,Campina Grande,ECIT,,,,,,,25,44,39,77,59,56,,X,X,300
25072129,EEEFM SAO SEBASTIAO,03ª GRE,CAMPINA GRANDE,ECI,,,,,,59,48,61,60,,,,,X,,228
25072137,EECIT Professor Anésio Leão,03ª GRE,Campina Grande,ECIT,,,,,,55,70,73,46,58,47,44,,X,X,393
25072153,EECIT Severino Cabral,03ª GRE,Campina Grande,ECIT,,,,,,,,,39,90,76,38,,X,X,243
25072277,EECI MONTE CARMELO,03ª GRE,CAMPINA GRANDE,ECI,,,,,,29,51,40,45,58,65,52,,X,X,340
25072285,EEEFM MURILO BRAGA,03ª GRE,CAMPINA GRANDE,ECI,,,,,,32,50,34,29,52,32,37,,X,X,266
25072307,EECI SOLON DE LUCENA,03ª GRE,CAMPINA GRANDE,ECI,,,,,,,,,,106,108,59,,,X,273
25072412,EECI VIRGINIUS DA GAMA E MELO,03ª GRE,CAMPINA GRANDE,ECI,,,,,,,,16,26,34,32,21,,X,X,129
25072420,EECIT DR Elpidio de Almeida,03ª GRE,Campina Grande,ECIT,,,,,,,,,,314,149,127,,,X,590
25072439,EECI HORTENCIO SOUSA RIBEIRO (PREMEN),03ª GRE,CAMPINA GRANDE,ECI,,,,,,,,,,47,45,35,,,X,127
25075918,EECI Teodósio de Oliveira Ledo,03ª GRE,Boa Vista,ECIT,,,,,,,,,,69,63,53,,,X,185
25076582,EECI IRMÃ JOAQUINA SAMPAIO,03ª GRE,CAMPINA GRANDE,ECI,,,,,,23,20,18,28,14,14,11,,X,X,128
25076590,EECI JOSÉ MIGUEL LEÃO,03ª GRE,CAMPINA GRANDE,ECI,,,,,,22,,32,16,74,65,46,,X,X,255
25077147,EECI JOANA EMÍLIA DA SILVA,15ª GRE,FAGUNDES,ECI,,,,,,,,,,131,114,85,,,X,330
25077759,EECIT Francisca Martiniano da Rocha,03ª GRE,Lagoa Seca,ECIT,,,,,,,,,,153,132,120,,,X,405
25078135,EECI Maria Zeca de Souza,03ª GRE,Massaranduba,ECIT,,,,,,,,,,140,108,70,,,X,318
25078550,EECIT Plínio Lemos,03ª GRE,Puxinanã,ECIT,,,,,,,,,,85,42,44,,,X,171
25078577,EEEFM CONEGO ANTONIO GALDINO,03ª GRE,PUXINANÃ,ECI,,,,,,,,,,104,134,107,,,X,345
25078992,EECIT Francisco Ernesto do Rego,15ª GRE,Queimadas,ECIT,,,,,,,,,,269,182,158,,,X,609
25080016,EECIT Dom Adauto,03ª GRE,Serra Redonda,ECIT,,,,,,13,5,14,19,71,54,46,,X,X,222
25080261,ECI EEM MANOEL AVELINO PAIVA,12ª GRE,CALDAS BRANDÃO,ECI,,,,,,,,,,57,82,58,,,X,197
25080407,ECI JOÃO RIBEIRO,12ª GRE,GURINHÉM,ECI,,,,,,,,,,110,73,63,,,X,246
25080849,ECITE Luís Gonzaga Burity,12ª GRE,Ingá,ECIT,,,,,,,,,,125,133,94,,,X,352
25081349,EEEFM ADAUTO CABRAL DE VASCONCELOS,12ª GRE,RIACHÃO DO BACAMARTE,ECI,,,,,,,,,,72,69,47,,,X,188
25081403,Ecit de Itabaiana Doutor Antônio Batista Santiago,12ª GRE,Itabaiana,ECIT,,,,,,,,,,128,104,103,,,X,335
25081888,EECI José Rodrigues de Ataíde,12ª GRE,Itatuba,ECIT,,,,,,,,,,135,141,82,,,X,358
25082493,Ecit Otavia Silveira,12ª GRE,Mogeiro,ECIT,,,,,,,,,,159,163,129,,,X,451
25082922,Eci Ana Ribeiro,12ª GRE,Salgado De São Félix,ECIT,,,,,,,,22,21,57,58,61,,X,X,219
25083490,EECI Deputado Carlos Pessoa Filho,15ª GRE,Aroeiras,ECIT,,,,,,,,33,38,97,73,74,,X,X,315
25084445,EECI JOAO DA SILVA MONTEIRO,15ª GRE,GADO BRAVO,ECI,,,,,,,,,,119,104,98,,,X,321
25084526,EECIT Francisco de Albuquerque Montenegro,15ª GRE,Natuba,ECIT,,,,,,,,,,62,53,23,,,X,138
25084950,EECIT Presidente João Pessoa,15ª GRE,Umbuzeiro,ECIT,,,,,,,,,,154,145,151,,,X,450
25084992,ECIT ANTONIO FRANCISCO GOMES,15ª GRE,SANTA CECÍLIA,ECI,,,,,,,,,,82,43,23,,,X,148
25086049,Eci Severino Felix de Brito,14ª GRE,Itapororoca,ECIT,,,,,,,,,,72,70,51,,,X,193
25086316,Ecit Alzira Lisboa,14ª GRE,Jacaraú,ECIT,,,,,,,,,,67,45,39,,,X,151
25086324,ECIEEFM MARGARIDA DIAS,14ª GRE,PEDRO RÉGIS,ECI,,,,,,,,,,67,54,47,,,X,168
25086901,ESCOLA CIDADÃ INTEGRAL E.E.F.M SENADOR RUI CARNEIRO,14ª GRE,MAMANGUAPE,ECI,,,,,,,,,,101,102,80,,,X,283
25087304,Eci EEM José Wilson de Albuquerque Melo,14ª GRE,Capim,ECIT,,,,,,,,,,99,66,59,,,X,224
25087355,ECI EEM PROFESSOR RENATO FONSECA FILHO,14ª GRE,CUITÉ DE MAMANGUAPE,ECI,,,,,,,,,,57,74,69,,,X,200
25087657,EEEF ANTONIO PINTO BARBALHO,14ª GRE,MAMANGUAPE,ECI,,,,,,23,38,33,31,,,,,X,,125
25087673,Eci Henrique Fernandes de Farias,14ª GRE,Curral De Cima,ECIT,,,,,,,,,,77,68,52,,,X,197
25087738,ESCOLA CIDADÃ INTEGRAL DE ENSINO FUNDAMENTAL E MÉDIO PEDRO POTI,14ª GRE,MATARACA,ECI,,,,,,,,,,107,53,45,,,X,205
25087860,ECIT Professor Luiz Gonzaga Burity,14ª GRE,Rio Tinto,ECIT,,,,,,,,,,62,55,31,,,X,148
25088068,ECI E.I.E.I.E.F.M ÍNDIO ANTONIO SINÉSIO DA SILVA,14ª GRE,MARCAÇÃO,ECI indígena,28,17,25,30,22,31,21,23,12,17,16,12,X,X,X,254
25088530,Ecit EEFM Deputado Fernando Milanez,16ª GRE,Cruz Do Espírito Santo,ECIT,,,,,,,,,,37,44,35,,,X,116
25088785,ECI Teonas da Cunha Cavalcanti,12ª GRE,Juripiranga,ECIT,,,,,,,,,,47,42,58,,,X,147
25088963,EEEIEF AUGUSTO DOS ANJOS,16ª GRE,MARI,ECI,,,,,,,,,,,108,69,,,X,177
25089013,Eci José Paulo de Franca,16ª GRE,Mari,ECIT,,,,,,,,,,91,70,39,,,X,200
25089242,ECIEEFM JOCELYN VELLOSO BORGES,12ª GRE,SÃO JOSÉ DOS RAMOS,ECI,,,,,,,,,,43,38,40,,,X,121
25089250,Eci EEM José Lins do Rego,12ª GRE,Pilar,ECIT,,,,,,,,,,129,106,97,,,X,332
25089552,EEEFM MARIA LINS,12ª GRE,SÃO MIGUEL DE TAIPU,ECI,,,,,,,,,,64,47,57,,,X,168
25089781,Eci Monsenhor Odilon Alves Pedrosa,16ª GRE,Sapé,ECIT,,,,,,,,,,159,134,173,,,X,466
25089811,ECI ANNE SONALY DE PONTES( FAZENDA BURACAO),16ª GRE,SAPÉ,ECI,,,,,,41,47,48,48,33,16,22,,X,X,255
25089838,Eci EEFM Riachao do Poco,16ª GRE,Riachão Do Poço,ECIT,,,,,,,,,,62,45,60,,,X,167
25090135,ECI CASSIANO RIBEIRO COUTINHO,16ª GRE,SAPÉ,ECI,,,,,,90,26,5,9,11,13,12,,X,X,166
25090887,Ecit Professor Antonio Gomes,16ª GRE,Bayeux,ECIT,,,,,,,,,,114,128,84,,,X,326
25090909,ECI IRINEU PINTO,16ª GRE,BAYEUX,ECI,,,,,,,,22,18,48,27,25,,X,X,140
25090984,ECI EEFM JOAO CAETANO,16ª GRE,BAYEUX,ECI,,,,,,,,,,80,102,73,,,X,255
25091549,Ecit Jose Guedes Cavalcante,16ª GRE,Cabedelo,ECIT,,,,,,,,,,116,46,54,,,X,216
25091565,EEEF AUGUSTO SEVERO,16ª GRE,CABEDELO,ECI Anos Iniciais,30,20,14,18,14,,,,,,,,X,,,96
25091620,Ecit EEFM Abreu e Lima,16ª GRE,Cabedelo,ECIT,,,,,,,,,,77,40,19,,,X,136
25091638,ECI IMACULADA CONCEIÇÃO,16ª GRE,CABEDELO,ECI,,,,,,40,37,41,44,68,33,19,,X,X,282
25093835,ECI LUÍS RAMALHO,01ª GRE,JOÃO PESSOA,ECI,,,,,,,,,,73,78,36,,,X,187
25093843,ECITE Conego Francisco Gomes de Lima,01ª GRE,João Pessoa,ECIT,,,,,,,,,,196,78,53,,,X,327
25093851,ECI LILIOSA PAIVA LEITE,01ª GRE,JOÃO PESSOA,ECI,,,,,,,,,,126,70,52,,,X,248
25093860,Ecit Raul Machado,01ª GRE,João Pessoa,ECIT,,,,,,14,8,9,9,32,20,13,,X,X,105
25093886,ECIT Francisca Ascensão Cunha,01ª GRE,João Pessoa,ECIT,,,,,,,,,,63,45,33,,,X,141
25093894,Eci EEM Prof Pedro Augusto Porto Caminha,01ª GRE,João Pessoa,ECIT,,,,,,18,15,23,19,24,21,19,,X,X,139
25093916,Ecit Professor Raul Cordula,01ª GRE,João Pessoa,ECIT,,,,,,,,89,71,134,103,68,,X,X,465
25093932,ECIT Daura Santiago Rangel,01ª GRE,João Pessoa,ECIT,,,,,,,,,,103,82,66,,,X,251
25093975,Ecit Nicodemos Neves,01ª GRE,João Pessoa,ECIT,,,,,,,,,,45,37,35,,,X,117
25094025,Eci EEFM Tenente Lucena,01ª GRE,João Pessoa,ECIT,,,,,,38,37,60,45,78,55,33,,X,X,346
25094033,Ecit Manoel Lisboa de Moura,01ª GRE,João Pessoa,ECIT,,,,,,,,18,31,86,72,78,,X,X,285
25094050,Ecit Luiz Gonzaga de Albuquerque Burity,01ª GRE,João Pessoa,ECIT,,,,,,,,,6,24,21,25,,X,X,76
25094084,CRIA CAPITULINA SATYRO,01ª GRE,JOÃO PESSOA,ECI Anos Iniciais,27,30,30,30,25,32,,,,,,,X,X,,174
25094106,ECI LUZIA SIMOES BARTOLLINI,01ª GRE,JOÃO PESSOA,ECI,,,,,,31,31,25,23,29,24,12,,X,X,175
25094114,Ecit Alice Carneiro,01ª GRE,João Pessoa,ECIT,,,,,,,,,,134,122,89,,,X,345
25094122,ECIT CPM ESTUDANTE REBECA CRISTINA ALVES SIMOES,01ª GRE,João Pessoa,ECIT,,,,,,,,,,137,128,111,,,X,376
25094130,ECIT Horácio de Almeida,01ª GRE,João Pessoa,ECIT,,,,,,,,,,95,73,60,,,X,228
25094181,ECIT PAPA PAULO VI,01ª GRE,João Pessoa,ECIT,,,,,,,,,,162,141,136,,,X,439
25094190,Ecit João Goulart,01ª GRE,João Pessoa,ECIT,,,,,,,,,,67,72,36,,,X,175
25094203,ECIT Dom Jose Maria Pires,01ª GRE,João Pessoa,ECIT,,,,,,,,,,119,87,48,,,X,254
25094211,Ecit José do Patrocínio,01ª GRE,João Pessoa,ECIT,,,,,,,,,,138,75,62,,,X,275
25094408,EEEFM DES BOTO DE MENEZES,01ª GRE,JOÃO PESSOA,ECI,,,,,,36,32,38,28,28,18,19,,X,X,199
25094416,EEEFM DES BRAZ BARACUHY,01ª GRE,JOÃO PESSOA,ECI Anos Iniciais,22,23,29,24,22,,,,,,,,X,,,120
25094637,Ecit Monsenhor Pedro Anísio Bezerra Dantas,01ª GRE,João Pessoa,ECIT,,,,,,,,,,32,35,42,,,X,109
25094661,ECI EEFM PEDRO LINS VIEIRA DE MELO,01ª GRE,JOÃO PESSOA,ECI,,,,,,,,,,30,22,37,,,X,89
25094688,ECIT PADRE HILDON BANDEIRA,01ª GRE,JOÃO PESSOA,ECI,,,,,,70,28,14,21,20,17,10,,X,X,180
25094696,ECI PADRE IBIAPINA,01ª GRE,JOÃO PESSOA,ECI,,,,,,,,,,61,35,20,,,X,116
25094726,ECI EEFM PROFESSOR CELESTIN MALZAC,01ª GRE,JOÃO PESSOA,ECI,,,,,,,,,,196,188,128,,,X,512
25094750,ECIT Professor Olívio Pinto,01ª GRE,João Pessoa,ECIT,,,,,,,,,,144,64,38,,,X,246
25095056,Ecit Prefeito Oswaldo Pessoa,01ª GRE,João Pessoa,ECIT,,,,,,,,,,231,181,142,,,X,554
25096702,Ecit Maria do Carmo de Miranda,01ª GRE,João Pessoa,ECIT,,,,,,,,,,58,60,73,,,X,191
25098357,Eci Liceu Paraibano,01ª GRE,João Pessoa,ECIT,,,,,,,,,,158,99,82,,,X,339
25098632,Ecit Izaura Falcao de Carvalho,16ª GRE,Lucena,ECIT,,,,,,,,,,123,80,89,,,X,292
25099116,Ecit Professor Luis de Azevedo Soares,16ª GRE,Santa Rita,ECIT,,,,,,,,,,194,92,107,,,X,393
25099159,Ecit Eneas Carvalho,16ª GRE,Santa Rita,ECIT,,,,,,,,,8,90,64,101,,X,X,263
25099175,ECIT Maria Honorina Santiago,16ª GRE,Santa Rita,ECIT,,,,,,,,,30,120,98,81,,X,X,329
25099256,ECI EEFM MARIA DE LOURDES ARAUJO,16ª GRE,SANTA RITA,ECI,,,,,,,,,,49,56,36,,,X,141
25100033,Ecit Renato Ribeiro Coutinho,16ª GRE,Alhandra,ECIT,,,,,,33,40,33,41,62,52,63,,X,X,324
25100696,ECIT João Úrsulo,12ª GRE,Pedras De Fogo,ECIT,,,,,,,,,,100,107,95,,,X,302
25101099,Ecit Durval Guedes,16ª GRE,Pitimbu,ECIT,,,,,,,,,,88,81,61,,,X,230
25103563,EEEFM PROFESSOR JOSE GOMES ALVES,06ª GRE,PATOS,ECI,,,,,,,,,,147,105,95,,,X,347
25104330,ECIS ALMIRANTE SALDANHA,01ª GRE,JOÃO PESSOA,ECI Sócio,,,,,,,,,,16,7,1,,,X,24
25110780,Eci professora Beatriz Maria de Abreu,02ª GRE,Casserengue,ECIT,,,,,,,,,,72,50,54,,,X,176
25114034,EEEF DOM HELDER CAMARA,03ª GRE,CAMPINA GRANDE,ECI,,,,,,64,64,62,69,,,,,X,,259
25114433,EEEFM SENADOR HUMBERTO LUCENA,03ª GRE,CAMPINA GRANDE,ECI,,,,,,,38,35,37,76,106,69,,X,X,361
25114484,ECIT João Roberto Borges de Souza,01ª GRE,João Pessoa,ECIT,,,,,,,,,,151,82,69,,,X,302
25114808,EECI PROFESSOR ITAN PEREIRA,03ª GRE,CAMPINA GRANDE,ECI,,,,,,,,20,55,102,104,92,,X,X,373
25114905,ECI EEFM MILTON CAMPOS,01ª GRE,JOÃO PESSOA,ECI,,,,,,,,,,54,73,54,,,X,181
25115049,ECI EEF Professor Paulo Freire,01ª GRE,João Pessoa,ECIT,,,,,,,,,,71,83,46,,,X,200
25115618,Ecit Ilza de Almeida Ribeiro,16ª GRE,Conde,ECIT,,,,,,,,,,98,64,41,,,X,203
25117459,EECIT PREFEITO WILLIAMS DE SOUSA ARRUDA,03ª GRE,CAMPINA GRANDE,ECI,,,,,,15,22,20,17,14,10,7,,X,X,105
25117688,EECI IRMÃ STEFANIE,03ª GRE,CAMPINA GRANDE,ECI,,,,,,,33,38,36,55,32,18,,X,X,212
25117700,EEEFM SEVERINO BARBOSA CAMELO,15ª GRE,BOQUEIRÃO,ECI,,,,,,,,,16,74,60,49,,X,X,199
25118579,ESCOLA CIDADÃ INTEGRAL ESTADUAL DE ENSINO MÉDIO PREFEITO SEVERINO PEREIRA GOMES,04ª GRE,BARAÚNA,ECI,,,,,,,,,,63,64,33,,,X,160
25120670,EEEFM MAJOR VENEZIANO VITAL DO REGO,03ª GRE,CAMPINA GRANDE,ECI,,,,,,58,44,41,87,151,76,50,,X,X,507
25120751,Eci Auricelia Maria da Costa,16ª GRE,Caaporã,ECIT,,,,,,,,,,124,105,83,,,X,312
25120859,EECI PROF MARIA JOSE COSTA DE ALBUQUERQUE,03ª GRE,OLIVEDOS,ECI,,,,,,,,,,46,32,41,,,X,119
25122401,EEEFM SEVERINA RAMOS DE OLIVEIRA,16ª GRE,SOBRADO,ECI,,,,,,,,,,107,88,71,,,X,266
25122533,ECI EEFM DOUTOR GUSTAVO FERNANDES DE LIMA SOBRINHO,14ª GRE,MAMANGUAPE,ECI,,,,,,33,42,52,58,32,,,,X,X,217
25123203,ECIT Francisco Marques de Melo,04ª GRE,Damião,ECIT,,,,,,,,,,60,52,39,,,X,151
25123297,EECI MARIA ELIDIA RANGEL,06ª GRE,TENÓRIO,ECI,,,,,,,,,,39,44,30,,,X,113
25124277,Ecit Severino Dias de Oliveira - Mestre Sivuca,01ª GRE,João Pessoa,ECIT,,,,,,,,,15,114,75,52,,X,X,256
25126180,Eci Linduarte Noronha,01ª GRE,João Pessoa,ECIT,,,,,,,,,,58,71,51,,,X,180
25127594,Ecit Bayeux Erenice Cavalcante Fidelis,16ª GRE,Bayeux,ECIT,,,,,,,,,,169,137,112,,,X,418
25127659,ECI EE FM PEDRO HENRIQUE DA SILVA,04ª GRE,CUITÉ,ECI,,,,,,12,17,14,14,24,15,18,,X,X,114
25127977,Ecit Vale do Mamanguape João da Mata Cavalcanti de Albuquerque,14ª GRE,Mamanguape,ECIT,,,,,,,,,,119,69,62,,,X,250
25128337,Ecit João Pereira Gomes Filho,01ª GRE,João Pessoa,ECIT,,,,,,,,,,229,163,153,,,X,545
25128418,ECI HELITON SANTANA,16ª GRE,SANTA RITA,ECI,,,,,,,,,,48,59,45,,,X,152
25129279,Ecit Jornalista Jose Itamar da Rocha Cândido,04ª GRE,Cuité,ECIT,,,,,,,,,,101,108,148,,,X,357
25129287,Escola Cidadã Integral Técnica Estadual de São Bento,08ª GRE,São Bento,ECIT,,,,,,,,,,94,84,97,,,X,275
25129295,Ecit Professora Nicéa Claudino Pinheiro,09ª GRE,Cajazeiras,ECIT,,,,,,,,,,145,128,107,,,X,380
25130110,Ecit Serra Branca Inácio Antonino,05ª GRE,Serra Branca,ECIT,,,,,,,,,,31,61,65,,,X,157
25130153,Ecit Lynaldo Cavalcanti de Albuquerque,06ª GRE,Patos,ECIT,,,,,,,,,,95,106,96,,,X,297
25130161,Ecit Guarabira Dom Marcelo Pinto Carvalheira,02ª GRE,Guarabira,ECIT,,,,,,,,,,206,196,208,,,X,610
25130242,ECIT Estadual Chiquinho Cartaxo,10ª GRE,Sousa,ECIT,,,,,,,,,,113,90,70,,,X,273
25130269,Ecit Itaporanga,07ª GRE,Itaporanga,ECIT,,,,,,,,,,119,133,93,,,X,345
25130331,EECIT Professor Braúlio Maia Júnior,03ª GRE,Campina Grande,ECIT,,,,,,,,,,185,164,205,,,X,554
25133667,"ESCOLA TÉCNICA ESTADUAL DE ARTES, TECNOLOGIA E ECONOMIA CRIATIVA",01ª GRE,João Pessoa,ECIT,,,,,,,,,,93,48,82,,,X,223
25136119,ECIS PEDRO PIRES DANTAS,10ª GRE,SOUSA,ECI Sócio,,,,,,2,5,2,1,1,2,,,X,X,13
25136143,ECIS PROFESSOR WALTER GOMES DE ALBUQUERQUE,03ª GRE,LAGOA SECA,ECI Sócio,,,,,,7,4,9,3,6,1,1,,X,X,31
25152823,EECI EUCLIDES MOUZINHO DOS SANTOS,03ª GRE,ALGODÃO DE JANDAÍRA,ECI,,,,,,,,,,50,55,30,,,X,135